{"raw": {"x": [253871.58320000002, 597539.4696000001, 941207.356, 1284875.2423999999, 1628543.1288, 1972211.0152000003, 2315878.9016000004, 2659546.788, 3003214.6744000004, 3346882.5608, 3690550.4472000003, 4034218.3336000005, 4377886.220000001, 4721554.1064, 5065221.992799999, 5408889.8792, 5752557.7656, 6096225.652000001, 6439893.5384, 6783561.424799999, 7127229.3112, 7470897.1976, 7814565.084000001, 8158232.9704, 8501900.856800001, 8845568.7432, 9189236.629600001, 9532904.516, 9876572.402400002, 10220240.288800001, 10563908.1752, 10907576.061600002, 11251243.948, 11594911.834400002, 11938579.720800001, 12282247.6072, 12625915.493600002, 12969583.38, 13313251.266400002, 13656919.152800001, 14000587.0392, 14344254.925600002, 14687922.812, 15031590.698400002, 15375258.584800001, 15718926.4712, 16062594.357600002, 16406262.244000003, 16749930.130400002, 17093598.0168], "y": [2940, 3490, 2494, 1697, 1115, 813, 589, 415, 309, 224, 196, 150, 109, 71, 61, 50, 38, 29, 42, 25, 31, 17, 13, 20, 8, 7, 6, 5, 1, 1, 5, 2, 6, 4, 3, 3, 1, 1, 2, 0, 1, 0, 0, 1, 0, 3, 0, 0, 1, 1]}, "log": {"x": [11.36843834808, 11.475423774700927, 11.582409201321852, 11.689394627942779, 11.796380054563706, 11.903365481184633, 12.01035090780556, 12.117336334426486, 12.224321761047412, 12.331307187668338, 12.438292614289265, 12.545278040910192, 12.652263467531117, 12.759248894152044, 12.866234320772971, 12.973219747393898, 13.080205174014825, 13.18719060063575, 13.294176027256677, 13.401161453877604, 13.508146880498531, 13.615132307119458, 13.722117733740383, 13.82910316036131, 13.936088586982237, 14.043074013603164, 14.15005944022409, 14.257044866845016, 14.364030293465943, 14.47101572008687, 14.578001146707797, 14.684986573328723, 14.791971999949649, 14.898957426570576, 15.005942853191502, 15.11292827981243, 15.219913706433356, 15.326899133054281, 15.433884559675208, 15.540869986296135, 15.647855412917062, 15.754840839537989, 15.861826266158916, 15.968811692779843, 16.075797119400768, 16.18278254602169, 16.289767972642622, 16.396753399263545, 16.503738825884476, 16.6107242525054], "y": [6, 15, 21, 36, 47, 81, 113, 151, 183, 224, 275, 319, 354, 422, 511, 545, 545, 622, 668, 660, 677, 770, 723, 709, 677, 669, 656, 581, 553, 502, 477, 376, 357, 298, 232, 227, 176, 135, 92, 75, 70, 61, 36, 26, 13, 8, 16, 3, 2, 5]}}